lead_fname,lead_mname,lead_lname,lead_number,name_prefix,name_suffix,firm_name,lead_email,lead_address,lead_apto,job_city,job_state,lead_zip,lead_description,lead_site,lead_title,balance_due,linkedin_data,custom2
n/a,n/a,n/a,(678) 990-7596,n/a,n/a,"Hayman Daugherty Associates, Inc",n/a,n/a,n/a,Tenne,ee,n/a,Hospitalist Physician Job Tennessee,n/a,n/a,n/a,"""~hr"" + ""Tennessee""+""Hayman Daugherty Associates, Inc""-intitle:""profiles"" -inurl:""dir/ "" site:linkedin.com/in/ OR site:linkedin.com/pub/",n/a
n/a,n/a,n/a,(615) 754-5250,n/a,n/a,La Petite Academy,n/a,n/a,n/a,Mount Juliet,TN,n/a,Full Time Infant Room Teacher,n/a,n/a,n/a,"""~hr"" + ""Mount Juliet, TN""+""La Petite Academy""-intitle:""profiles"" -inurl:""dir/ "" site:linkedin.com/in/ OR site:linkedin.com/pub/",n/a
n/a,n/a,n/a,(615) 754-5250,n/a,n/a,La Petite Academy,n/a,n/a,n/a,Mount Juliet,TN,n/a,Full-Time Pre-K Assistant Teacher,n/a,n/a,n/a,"""~hr"" + ""Mount Juliet, TN""+""La Petite Academy""-intitle:""profiles"" -inurl:""dir/ "" site:linkedin.com/in/ OR site:linkedin.com/pub/",n/a
n/a,n/a,n/a,(615) 859-2034,n/a,n/a,La Petite Academy,n/a,n/a,n/a,Goodlettsville,TN,n/a,Preschool Lead Teacher needed,n/a,n/a,n/a,"""~hr"" + ""Goodlettsville, TN""+""La Petite Academy""-intitle:""profiles"" -inurl:""dir/ "" site:linkedin.com/in/ OR site:linkedin.com/pub/",n/a
n/a,n/a,n/a,(615) 661-7888,n/a,n/a,Nashville Physician Service Ce,n/a,n/a,n/a,Brentwood,TN,n/a,Denial Resolution Specialist,n/a,n/a,n/a,"""~hr"" + ""Brentwood, TN""+""Nashville Physician Service Ce""-intitle:""profiles"" -inurl:""dir/ "" site:linkedin.com/in/ OR site:linkedin.com/pub/",n/a
n/a,n/a,n/a,(615) 367-0470,n/a,n/a,La Petite Academy,n/a,n/a,n/a,Nashville,TN,n/a,Twos Teacher,n/a,n/a,n/a,"""~hr"" + ""Nashville, TN""+""La Petite Academy""-intitle:""profiles"" -inurl:""dir/ "" site:linkedin.com/in/ OR site:linkedin.com/pub/",n/a
n/a,n/a,n/a,(615) 754-4047,n/a,n/a,La Petite Academy,n/a,n/a,n/a,Nashville,TN,n/a,Twos Teacher,n/a,n/a,n/a,"""~hr"" + ""Nashville, TN""+""La Petite Academy""-intitle:""profiles"" -inurl:""dir/ "" site:linkedin.com/in/ OR site:linkedin.com/pub/",n/a
n/a,n/a,n/a,(615) 859-2034,n/a,n/a,La Petite Academy,n/a,n/a,n/a,Nashville,TN,n/a,Twos Teacher,n/a,n/a,n/a,"""~hr"" + ""Nashville, TN""+""La Petite Academy""-intitle:""profiles"" -inurl:""dir/ "" site:linkedin.com/in/ OR site:linkedin.com/pub/",n/a
n/a,n/a,n/a,(615) 651-8468,n/a,n/a,Diamonds Petite Daycare,n/a,n/a,n/a,Nashville,TN,n/a,Owner/Operator,n/a,n/a,n/a,"""~hr"" + ""Nashville, TN""+""Diamonds Petite Daycare""-intitle:""profiles"" -inurl:""dir/ "" site:linkedin.com/in/ OR site:linkedin.com/pub/",n/a
n/a,n/a,n/a,(615) 244-2000,n/a,n/a,Allstate Insurance,n/a,n/a,n/a,Nashville,TN,n/a,Senior Administrative Assistant,n/a,n/a,n/a,"""~hr"" + ""Nashville, TN""+""Allstate Insurance""-intitle:""profiles"" -inurl:""dir/ "" site:linkedin.com/in/ OR site:linkedin.com/pub/",n/a
n/a,n/a,n/a,(615) 298-4110,n/a,n/a,Allstate Insurance,n/a,n/a,n/a,Nashville,TN,n/a,Senior Administrative Assistant,n/a,n/a,n/a,"""~hr"" + ""Nashville, TN""+""Allstate Insurance""-intitle:""profiles"" -inurl:""dir/ "" site:linkedin.com/in/ OR site:linkedin.com/pub/",n/a
n/a,n/a,n/a,(615) 777-1000,n/a,n/a,Allstate Insurance,n/a,n/a,n/a,Nashville,TN,n/a,Senior Administrative Assistant,n/a,n/a,n/a,"""~hr"" + ""Nashville, TN""+""Allstate Insurance""-intitle:""profiles"" -inurl:""dir/ "" site:linkedin.com/in/ OR site:linkedin.com/pub/",n/a
n/a,n/a,n/a,(615) 251-9902,n/a,n/a,Allstate Insurance,n/a,n/a,n/a,Nashville,TN,n/a,Senior Administrative Assistant,n/a,n/a,n/a,"""~hr"" + ""Nashville, TN""+""Allstate Insurance""-intitle:""profiles"" -inurl:""dir/ "" site:linkedin.com/in/ OR site:linkedin.com/pub/",n/a
n/a,n/a,n/a,(615) 889-2033,n/a,n/a,Allstate Insurance,n/a,n/a,n/a,Nashville,TN,n/a,Senior Administrative Assistant,n/a,n/a,n/a,"""~hr"" + ""Nashville, TN""+""Allstate Insurance""-intitle:""profiles"" -inurl:""dir/ "" site:linkedin.com/in/ OR site:linkedin.com/pub/",n/a
n/a,n/a,n/a,(615) 661-7888,n/a,n/a,Nashville Physician Service Ce,n/a,n/a,n/a,Brentwood,TN,n/a,Provider Enrollment Application Process Rep.,n/a,n/a,n/a,"""~hr"" + ""Brentwood, TN""+""Nashville Physician Service Ce""-intitle:""profiles"" -inurl:""dir/ "" site:linkedin.com/in/ OR site:linkedin.com/pub/",n/a
n/a,n/a,n/a,(615) 661-7888,n/a,n/a,Nashville Physician Service Ce,n/a,n/a,n/a,Brentwood,TN,n/a,Treasury Specialist,n/a,n/a,n/a,"""~hr"" + ""Brentwood, TN""+""Nashville Physician Service Ce""-intitle:""profiles"" -inurl:""dir/ "" site:linkedin.com/in/ OR site:linkedin.com/pub/",n/a
n/a,n/a,n/a,(615) 859-2034,n/a,n/a,La Petite Academy,n/a,n/a,n/a,Goodlettsville,TN,n/a,Afternoon Teacher Aide,n/a,n/a,n/a,"""~hr"" + ""Goodlettsville, TN""+""La Petite Academy""-intitle:""profiles"" -inurl:""dir/ "" site:linkedin.com/in/ OR site:linkedin.com/pub/",n/a
n/a,n/a,n/a,(615) 661-7888,n/a,n/a,Nashville Physician Service Ce,n/a,n/a,n/a,Brentwood,TN,n/a,Coder: CPC and 3+ yrs exp required,n/a,n/a,n/a,"""~hr"" + ""Brentwood, TN""+""Nashville Physician Service Ce""-intitle:""profiles"" -inurl:""dir/ "" site:linkedin.com/in/ OR site:linkedin.com/pub/",n/a
n/a,n/a,n/a,(615) 661-7888,n/a,n/a,Nashville Physician Service Ce,n/a,n/a,n/a,Brentwood,TN,n/a,Patient Support Specialist - Call Center,n/a,n/a,n/a,"""~hr"" + ""Brentwood, TN""+""Nashville Physician Service Ce""-intitle:""profiles"" -inurl:""dir/ "" site:linkedin.com/in/ OR site:linkedin.com/pub/",n/a
n/a,n/a,n/a,(615) 661-7888,n/a,n/a,Nashville Physician Service Ce,n/a,n/a,n/a,Brentwood,TN,n/a,"Denial Resolution Specialist (Auto, Veterans, W/C Claims Exp...",n/a,n/a,n/a,"""~hr"" + ""Brentwood, TN""+""Nashville Physician Service Ce""-intitle:""profiles"" -inurl:""dir/ "" site:linkedin.com/in/ OR site:linkedin.com/pub/",n/a
n/a,n/a,n/a,(615) 661-7888,n/a,n/a,Nashville Physician Service Ce,n/a,n/a,n/a,Brentwood,TN,n/a,Coder: CPC and 3+ yrs exp required,n/a,n/a,n/a,"""~hr"" + ""Brentwood, TN""+""Nashville Physician Service Ce""-intitle:""profiles"" -inurl:""dir/ "" site:linkedin.com/in/ OR site:linkedin.com/pub/",n/a
n/a,n/a,n/a,(615) 661-7888,n/a,n/a,Nashville Physician Service Ce,n/a,n/a,n/a,Brentwood,TN,n/a,Patient Support Specialist - Call Center,n/a,n/a,n/a,"""~hr"" + ""Brentwood, TN""+""Nashville Physician Service Ce""-intitle:""profiles"" -inurl:""dir/ "" site:linkedin.com/in/ OR site:linkedin.com/pub/",n/a
n/a,n/a,n/a,(615) 661-7888,n/a,n/a,Nashville Physician Service Ce,n/a,n/a,n/a,Brentwood,TN,n/a,"Denial Resolution Specialist (Auto, Veterans, W/C Claims Exp...",n/a,n/a,n/a,"""~hr"" + ""Brentwood, TN""+""Nashville Physician Service Ce""-intitle:""profiles"" -inurl:""dir/ "" site:linkedin.com/in/ OR site:linkedin.com/pub/",n/a
